shape,lagged,type,precision,recall,fscore,runtime
224,22,brute,0.015583692778628078,1.0,0.030689135498013425,4918.465597629547
shape,lagged,neighbors,precision,recall,fscore,runtime,map,knn_recall
224,22,2,0.5114155251141552,1.0,0.676737160120846,87.98774433135986,0.84375,0.84375
224,22,5,0.21455938697318008,1.0,0.35331230283911674,190.6476480960846,0.8161607142857138,0.8374999999999989
224,22,10,0.11078140454995054,1.0,0.19946571682991987,329.93185114860535,0.823673115079365,0.8526785714285712
224,22,100,0.017036811682385154,1.0,0.03350284175889919,2793.560021877289,0.9884074213481119,0.989999999999999
