shape,lagged,type,precision,recall,fscore,runtime
224,22,brute,0.0,0.0,0,7342.887506723404
shape,lagged,neighbors,precision,recall,fscore,runtime,map,knn_recall
224,22,2,0.0,0.0,0,78.26370882987976,0.9151785714285714,0.9151785714285714
224,22,5,0.0,0.0,0,196.2075333595276,0.8930357142857137,0.9089285714285706
224,22,10,0.0,0.0,0,385.30272603034973,0.874139739229025,0.8901785714285715
224,22,100,0.0,0.0,0,3403.0433061122894,0.9870769917199074,0.9881249999999994
