shape,lagged,type,precision,recall,fscore,runtime
224,11,brute,0.0,0.0,0,456.3543555736542
shape,lagged,neighbors,precision,recall,fscore,runtime,map,knn_recall
224,11,2,0.0,0.0,0,8.738593578338623,0.9196428571428571,0.9196428571428571
224,11,5,0.0,0.0,0,20.91230058670044,0.9140476190476187,0.9214285714285707
224,11,10,0.0,0.0,0,43.44044065475464,0.9092113095238098,0.9178571428571433
224,11,100,0.0,0.0,0,459.21659231185913,0.991202917995466,0.9924107142857135
