shape,lagged,type,precision,recall,fscore,runtime
224,11,brute,0.0,0.0,0,605.0480027198792
shape,lagged,neighbors,precision,recall,fscore,runtime,map,knn_recall
224,11,2,0.0,0.0,0,11.533418893814087,0.9151785714285714,0.9151785714285714
224,11,5,0.0,0.0,0,29.788755178451538,0.8655059523809522,0.880357142857142
224,11,10,0.0,0.0,0,50.81925678253174,0.8810622165532882,0.8919642857142858
224,11,100,0.0,0.0,0,570.1660070419312,0.9798761338662816,0.9816071428571425
