shape,lagged,type,precision,recall,fscore,runtime
224,22,brute,0.019171516603902775,1.0,0.037621766879408804,5878.030919313431
shape,lagged,neighbors,precision,recall,fscore,runtime,map,knn_recall
224,22,2,0.509090909090909,1.0,0.6746987951807228,103.79475951194763,0.8214285714285714,0.8214285714285714
224,22,5,0.21455938697318008,1.0,0.35331230283911674,240.82226943969727,0.7754761904761899,0.7982142857142847
224,22,10,0.11336032388663968,1.0,0.20363636363636364,467.81549644470215,0.7905077239229025,0.8142857142857144
224,22,100,0.02072155411655874,1.0,0.040601776327714334,5493.429261445999,0.984061326600887,0.9860714285714278
