shape,lagged,type,precision,recall,fscore,runtime
224,22,brute,0.0,0.0,0,7413.222213506699
shape,lagged,neighbors,precision,recall,fscore,runtime,map,knn_recall
224,22,2,0.0,0.0,0,113.03402924537659,0.9196428571428571,0.9196428571428571
224,22,5,0.0,0.0,0,236.79570484161377,0.9233035714285711,0.9303571428571421
224,22,10,0.0,0.0,0,583.4393577575684,0.9235866638321998,0.9285714285714289
224,22,100,0.0,0.0,0,6310.161172628403,0.9924280659569116,0.9933035714285706
