shape,lagged,type,precision,recall,fscore,runtime
224,11,brute,0.015544760582928523,1.0,0.030613639469728036,537.7701027393341
shape,lagged,neighbors,precision,recall,fscore,runtime,map,knn_recall
224,11,2,0.5022421524663677,1.0,0.6686567164179104,8.954883098602295,0.8303571428571429,0.8303571428571429
224,11,5,0.20817843866171004,1.0,0.3446153846153846,20.382683992385864,0.77735119047619,0.801785714285713
224,11,10,0.10646387832699619,1.0,0.1924398625429553,45.05994200706482,0.8216145833333336,0.8410714285714287
224,11,100,0.016771488469601678,1.0,0.032989690721649485,410.93678283691406,0.9734174601808128,0.9785714285714284
