shape,lagged,type,precision,recall,fscore,runtime
224,11,brute,0.0,0.0,0,447.0484924316406
shape,lagged,neighbors,precision,recall,fscore,runtime,map,knn_recall
224,11,2,0.0,0.0,0,8.742284059524536,0.8973214285714286,0.8973214285714286
224,11,5,0.0,0.0,0,21.653563022613525,0.8699702380952379,0.8874999999999992
224,11,10,0.0,0.0,0,43.736021280288696,0.8870032596371888,0.9000000000000002
224,11,100,0.0,0.0,0,396.8318762779236,0.984466198418967,0.9855357142857138
