shape,lagged,type,precision,recall,fscore,runtime
224,22,brute,0.0,0.0,0,3665.2073917388916
shape,lagged,neighbors,precision,recall,fscore,runtime,map,knn_recall
224,22,2,0.0,0.0,0,48.68588328361511,0.9107142857142857,0.9107142857142857
224,22,5,0.0,0.0,0,116.52239918708801,0.9016369047619043,0.910714285714285
224,22,10,0.0,0.0,0,235.77827644348145,0.9111713435374151,0.9178571428571435
224,22,100,0.0,0.0,0,3030.892074108124,0.982535184701282,0.9839285714285708
