shape,lagged,type,precision,recall,fscore,runtime
224,22,brute,0.017951594806860073,1.0,0.035270036214769325,4505.12880563736
shape,lagged,neighbors,precision,recall,fscore,runtime,map,knn_recall
224,22,2,0.5137614678899083,1.0,0.6787878787878788,69.66913199424744,0.7946428571428571,0.7946428571428571
224,22,5,0.21497120921305182,1.0,0.353870458135861,161.96298670768738,0.8145833333333331,0.8374999999999992
224,22,10,0.11336032388663968,1.0,0.20363636363636364,338.17868208885193,0.8311150085034014,0.8464285714285714
224,22,100,0.01943095072866065,1.0,0.03812117086453369,3546.844507932663,0.9815855061394165,0.9841964285714282
