shape,lagged,type,precision,recall,fscore,runtime
224,11,brute,0.01647301073687307,1.0,0.03241209665750253,433.6096978187561
shape,lagged,neighbors,precision,recall,fscore,runtime,map,knn_recall
224,11,2,0.509090909090909,1.0,0.6746987951807228,6.919508457183838,0.8571428571428571,0.8571428571428571
224,11,5,0.21132075471698114,1.0,0.3489096573208723,21.39183735847473,0.8481547619047618,0.862499999999999
224,11,10,0.10969637610186092,1.0,0.19770520741394526,40.642884492874146,0.8494841269841272,0.8598214285714285
224,11,100,0.01776931619863557,1.0,0.03491816056118472,390.97103214263916,0.9807890391773745,0.9828571428571422
