shape,lagged,type,precision,recall,fscore,runtime
224,11,brute,0.014585232452142206,1.0,0.02875112309074573,400.79174423217773
shape,lagged,neighbors,precision,recall,fscore,runtime,map,knn_recall
224,11,2,0.5067873303167421,1.0,0.6726726726726726,6.937214374542236,0.8526785714285714,0.8526785714285714
224,11,5,0.2085661080074488,1.0,0.34514637904468415,16.746254682540894,0.8188095238095229,0.8374999999999988
224,11,10,0.10727969348659004,1.0,0.19377162629757785,33.652355909347534,0.8291142290249435,0.8428571428571427
224,11,100,0.015915873241438113,1.0,0.03133305357392642,361.14383268356323,0.9795157459354753,0.9817857142857134
