shape,lagged,type,precision,recall,fscore,runtime
224,22,brute,0.0,0.0,0,5111.458244085312
shape,lagged,neighbors,precision,recall,fscore,runtime,map,knn_recall
224,22,2,0.0,0.0,0,65.09476780891418,0.9151785714285714,0.9151785714285714
224,22,5,0.0,0.0,0,171.90921354293823,0.9014285714285712,0.9124999999999994
224,22,10,0.0,0.0,0,335.29189109802246,0.9021899801587304,0.9107142857142858
224,22,100,0.0,0.0,0,4655.631295442581,0.9863272409793239,0.9884821428571424
