shape,lagged,type,precision,recall,fscore,runtime
224,22,brute,0.0,0.0,0,5088.586386680603
shape,lagged,neighbors,precision,recall,fscore,runtime,map,knn_recall
224,22,2,0.0,0.0,0,117.70849323272705,0.9241071428571429,0.9241071428571429
224,22,5,0.0,0.0,0,296.4662685394287,0.9026488095238092,0.916071428571428
224,22,10,0.0,0.0,0,612.1392521858215,0.892619047619048,0.9062500000000003
224,22,100,0.0,0.0,0,4451.818829059601,0.9906403505683894,0.9921428571428567
