shape,lagged,type,precision,recall,fscore,runtime
224,11,brute,0.017699115044247787,1.0,0.034782608695652174,407.8144783973694
shape,lagged,neighbors,precision,recall,fscore,runtime,map,knn_recall
224,11,2,0.5137614678899083,1.0,0.6787878787878788,6.980352163314819,0.84375,0.84375
224,11,5,0.21333333333333335,1.0,0.3516483516483517,17.189358711242676,0.7874999999999994,0.8053571428571419
224,11,10,0.11144278606965174,1.0,0.20053715308863024,36.19646906852722,0.7901268424036278,0.8133928571428571
224,11,100,0.01890295358649789,1.0,0.03710452211363259,352.89012694358826,0.974928513022242,0.9798214285714283
