shape,lagged,type,precision,recall,fscore,runtime
224,11,brute,0.0,0.0,0,578.4648938179016
shape,lagged,neighbors,precision,recall,fscore,runtime,map,knn_recall
224,11,2,0.0,0.0,0,7.374061822891235,0.9196428571428571,0.9196428571428571
224,11,5,0.0,0.0,0,19.436923503875732,0.8803869047619043,0.8946428571428563
224,11,10,0.0,0.0,0,37.93724703788757,0.8788981009070299,0.8928571428571432
224,11,100,0.0,0.0,0,374.7916247844696,0.9864061135125841,0.9874107142857136
