shape,lagged,type,precision,recall,fscore,runtime
224,22,brute,0.0,0.0,0,4056.5451543331146
shape,lagged,neighbors,precision,recall,fscore,runtime,map,knn_recall
224,22,2,0.0,0.0,0,99.48253417015076,0.8839285714285714,0.8839285714285714
224,22,5,0.0,0.0,0,120.03635692596436,0.881130952380952,0.8946428571428564
224,22,10,0.0,0.0,0,265.88369393348694,0.9041202522675741,0.9125000000000004
224,22,100,0.0,0.0,0,3520.057192325592,0.9820064049960541,0.9831249999999991
