shape,lagged,type,precision,recall,fscore,runtime
224,22,brute,0.0,0.0,0,4246.476146697998
shape,lagged,neighbors,precision,recall,fscore,runtime,map,knn_recall
224,22,2,0.0,0.0,0,71.60473227500916,0.875,0.875
224,22,5,0.0,0.0,0,332.74203991889954,0.9008630952380949,0.9160714285714279
224,22,10,0.0,0.0,0,357.2993314266205,0.8931519274376418,0.9098214285714288
224,22,100,0.0,0.0,0,3767.3421239852905,0.9923688539992778,0.9934821428571423
