shape,lagged,type,precision,recall,fscore,runtime
224,22,brute,0.016497275003682428,1.0,0.03245906390378206,6069.058049440384
shape,lagged,neighbors,precision,recall,fscore,runtime,map,knn_recall
224,22,2,0.5185185185185185,1.0,0.6829268292682926,104.73791551589966,0.8303571428571429,0.8303571428571429
224,22,5,0.21374045801526717,1.0,0.35220125786163525,261.5310912132263,0.7752083333333329,0.7964285714285707
224,22,10,0.1103448275862069,1.0,0.19875776397515527,474.53910875320435,0.792294501133787,0.808928571428571
224,22,100,0.018049959709911363,1.0,0.03545987019154662,5210.255216836929,0.9742146853686947,0.9797321428571422
