shape,lagged,type,precision,recall,fscore,runtime
224,11,brute,0.0,0.0,0,507.73050475120544
shape,lagged,neighbors,precision,recall,fscore,runtime,map,knn_recall
224,11,2,0.0,0.0,0,8.907814502716064,0.8928571428571429,0.8928571428571429
224,11,5,0.0,0.0,0,20.82138156890869,0.8781547619047617,0.8892857142857136
224,11,10,0.0,0.0,0,43.90686893463135,0.8870897108843544,0.8982142857142861
224,11,100,0.0,0.0,0,402.2208425998688,0.981116862051478,0.9830357142857135
