shape,lagged,type,precision,recall,fscore,runtime
224,11,brute,0.0,0.0,0,424.5883529186249
shape,lagged,neighbors,precision,recall,fscore,runtime,map,knn_recall
224,11,2,0.0,0.0,0,6.583509683609009,0.8839285714285714,0.8839285714285714
224,11,5,0.0,0.0,0,16.830689191818237,0.9179464285714284,0.9285714285714279
224,11,10,0.0,0.0,0,34.75708723068237,0.909294217687075,0.9196428571428577
224,11,100,0.0,0.0,0,382.84067130088806,0.9918729468347364,0.9928571428571425
