shape,lagged,type,precision,recall,fscore,runtime
224,11,brute,0.0,0.0,0,767.7924790382385
shape,lagged,neighbors,precision,recall,fscore,runtime,map,knn_recall
224,11,2,0.0,0.0,0,7.6545233726501465,0.90625,0.90625
224,11,5,0.0,0.0,0,27.801615476608276,0.9021428571428568,0.9142857142857136
224,11,10,0.0,0.0,0,64.86480045318604,0.9081512188208618,0.9205357142857146
224,11,100,0.0,0.0,0,428.9266781806946,0.990209022317569,0.9908928571428565
