shape,lagged,type,precision,recall,fscore,runtime
224,22,brute,0.0,0.0,0,5327.990494728088
shape,lagged,neighbors,precision,recall,fscore,runtime,map,knn_recall
224,22,2,0.0,0.0,0,186.53128337860107,0.9419642857142857,0.9419642857142857
224,22,5,0.0,0.0,0,468.6100227832794,0.923035714285714,0.9267857142857137
224,22,10,0.0,0.0,0,377.0522766113281,0.918228812358277,0.9250000000000006
224,22,100,0.0,0.0,0,3806.2439002990723,0.9917210601898322,0.9924999999999989
