shape,lagged,type,precision,recall,fscore,runtime
224,11,brute,0.0,0.0,0,459.0922043323517
shape,lagged,neighbors,precision,recall,fscore,runtime,map,knn_recall
224,11,2,0.0,0.0,0,8.145822763442993,0.9017857142857143,0.9017857142857143
224,11,5,0.0,0.0,0,20.416942834854126,0.8555654761904757,0.8732142857142845
224,11,10,0.0,0.0,0,48.44584894180298,0.8829482001133792,0.8982142857142864
224,11,100,0.0,0.0,0,411.5023396015167,0.984029423634875,0.9854464285714277
